model,eval speed [tokens/s],total duration [ms],prompt duration [ms],eval duration [ms],eval count [tokens]
llama3:8b-instruct-q4_0,82.56720905974105,4.7929186,0.031767,4.626534,382
gemma:7b-instruct-v1.1-q4_0,79.81378066660213,15.619711105,0.084908,3.119762,249
mistral:7b-instruct-v0.2-q4_0,102.14779172602887,10.52565181,0.078379,1.48804,152
wizardlm2:7b-q4_0,99.5369316956781,14.505660008,0.080251,5.867169,584
llama3:70b-instruct-q4_0,14.849641241599718,83.692734237,0.422259,26.869336,399
command-r:35b-v0.1-q4_0,26.335817619480537,48.755652375,0.208876,11.239446,296
mixtral:8x7b-instruct-v0.1-q4_0,50.08792969155103,50.029503847,0.127328,4.53203,227
